Ticker,Company,Share/ Par,% TNA,Class of shares,CUSIP,Market value
"MU","Micron Technology Inc","2,511,439.00","11.28%","Common Stock","595112103","$2,553,103,773.01"
"NVDA","NVIDIA Corp","9,107,630.00","9.27%","Common Stock","67066G104","$2,098,033,646.80"
"AVGO","Broadcom Inc","3,856,419.00","6.10%","Common Stock","11135F101","$1,380,193,078.01"
"JNJ","Johnson & Johnson","3,885,835.00","4.75%","Common Stock","478160104","$1,069,498,367.05"
"GOOGL","Alphabet Inc","2,874,713.00","4.30%","Common Stock","02079K305","$972,975,361.98"
"AMD","Advanced Micro Devices Inc","1,824,520.00","3.85%","Common Stock","007903107","$871,336,016.40"
"LRCX","Lam Research Corp","2,527,328.00","3.43%","Common Stock","512807306","$777,532,459.20"
"GOOG","Alphabet Inc","2,304,084.00","3.41%","Common Stock","02079K107","$772,582,406.04"
"XOM","ExxonMobil Holdings Corp","4,349,514.00","3.08%","Common Stock","30233Q108","$693,616,997.58"
"SNDK","Sandisk Corp","330,155.00","2.54%","Common Stock","80004C200","$574,469,700"
"INTC","Intel Corp","5,855,139.00","2.48%","Common Stock","458140100","$560,922,316.20"
"CAT","Caterpillar Inc","676,011.00","2.43%","Common Stock","149123101","$550,232,393.34"
"CSCO","Cisco Systems Inc","3,811,798.00","1.84%","Common Stock","17275R102","$416,248,341.60"
"STX","Seagate Technology Holdings PLC","486,604.00","1.83%","Common Stock","G7997R103","$413,263,045.12"
"AMAT","Applied Materials Inc","896,073.00","1.80%","Common Stock","038222105","$407,453,353.83"
"GE","General Electric Co","1,148,151.00","1.71%","Common Stock","369604301","$387,064,665.12"
"RTX","RTX Corp","1,766,721.00","1.57%","Common Stock","75513E101","$354,739,909.59"
"WDC","Western Digital Corp","756,523.00","1.56%","Common Stock","958102105","$353,644,241.58"
"PLTR","Palantir Technologies Inc","2,017,937.00","1.55%","Common Stock","69608A108","$351,786,957.21"
"GS","Goldman Sachs Group Inc/The","316,285.00","1.46%","Common Stock","38141G104","$328,496,763.85"
"APH","Amphenol Corp","3,971,210.00","1.45%","Common Stock","032095101","$328,736,763.80"
"KO","Coca-Cola Co/The","3,483,641.00","1.36%","Common Stock","191216100","$306,804,262.87"
"KLAC","KLA Corp","1,644,114.00","1.35%","Common Stock","482480100","$305,147,558.40"
"PM","Philip Morris International Inc","1,658,962.00","1.34%","Common Stock","718172109","$302,810,333.86"
"GEV","GE Vernova Inc","312,633.00","1.30%","Common Stock","36828A101","$294,484,654.35"
"NEM","Newmont Corp","2,267,486.00","1.29%","Common Stock","651639106","$290,442,281.74"
"C","Citigroup Inc","1,756,856.00","1.07%","Common Stock","172967424","$241,954,208.32"
"MS","Morgan Stanley","1,053,973.00","1.01%","Common Stock","617446448","$229,471,001.56"
"GILD","Gilead Sciences Inc","1,397,469.00","0.93%","Common Stock","375558103","$211,010,831.66"
"WELL","Welltower Inc","843,305.00","0.88%","Real Estate Investment Trust","95040Q104","$199,163,341.85"
"GLW","Corning Inc","1,193,358.00","0.81%","Common Stock","219350105","$184,135,139.40"
"ADI","Analog Devices Inc","448,584.00","0.72%","Common Stock","032654105","$162,499,554"
"SCHW","Charles Schwab Corp/The","1,434,444.00","0.69%","Common Stock","808513105","$156,770,384.76"
"BNY","Bank of New York Mellon Corp/The","817,971.00","0.60%","Common Stock","064058100","$134,834,339.64"
"MCK","McKesson Corp","140,426.00","0.56%","Common Stock","58155Q103","$127,505,403.74"
"HWM","Howmet Aerospace Inc","484,280.00","0.55%","Common Stock","443201108","$125,559,275.60"
"LMT","Lockheed Martin Corp","212,286.00","0.50%","Common Stock","539830109","$111,509,590.08"
"GD","General Dynamics Corp","297,939.00","0.47%","Common Stock","369550108","$107,076,297.21"
"MO","Altria Group Inc","1,549,407.00","0.47%","Common Stock","02209S103","$106,723,154.16"
"FCX","Freeport-McMoRan Inc","1,418,703.00","0.46%","Common Stock","35671D857","$103,182,269.19"
"JCI","Johnson Controls International plc","706,868.00","0.45%","Common Stock","G51502105","$102,453,447.92"
"PH","Parker-Hannifin Corp","105,688.00","0.45%","Common Stock","701094104","$101,734,211.92"
"MNST","Monster Beverage Corp","2,299,824.00","0.45%","Common Stock","61174X109","$100,778,287.68"
"CMI","Cummins Inc","178,664.00","0.44%","Common Stock","231021106","$100,185,838"
"GM","General Motors Co","1,113,002.00","0.43%","Common Stock","37045V100","$97,677,055.52"
"PWR","Quanta Services Inc","154,511.00","0.43%","Common Stock","74762E102","$96,478,213.51"
"CME","CME Group Inc","338,136.00","0.42%","Common Stock","12572Q105","$95,114,275.44"
"FIX","Comfort Systems USA Inc","59,030.00","0.42%","Common Stock","199908104","$95,058,370.20"
"CAH","Cardinal Health Inc","376,023.00","0.41%","Common Stock","14149Y108","$92,945,365.14"
"HOOD","Robinhood Markets Inc","717,692.00","0.39%","Common Stock","770700102","$87,637,370.12"
"CIEN","Ciena Corp","247,617.00","0.35%","Common Stock","171779309","$79,485,057"
"COR","Cencora Inc","237,505.00","0.35%","Common Stock","03073E105","$78,602,279.75"
"LHX","L3Harris Technologies Inc","301,331.00","0.34%","Common Stock","502431109","$77,276,334.95"
"HCA","HCA Healthcare Inc","181,142.00","0.32%","Common Stock","40412C101","$73,362,510"
"WMB","Williams Cos Inc/The","986,552.00","0.32%","Common Stock","969457100","$73,152,830.80"
"NOC","Northrop Grumman Corp","140,806.00","0.32%","Common Stock","666807102","$72,512,273.88"
"TEL","TE Connectivity PLC","328,899.00","0.30%","Common Stock","G87052109","$68,624,776.35"
"AEP","American Electric Power Co Inc","531,425.00","0.29%","Common Stock","025537101","$66,162,412.50"
"TER","Teradyne Inc","184,980.00","0.29%","Common Stock","880770102","$66,043,409.40"
"MPWR","Monolithic Power Systems Inc","47,015.00","0.25%","Common Stock","609839105","$57,539,777.90"
"F","Ford Motor Co","3,913,466.00","0.25%","Common Stock","345370860","$57,214,872.92"
"ROK","Rockwell Automation Inc","121,189.00","0.23%","Common Stock","773903109","$52,573,000.09"
"STT","State Street Corp","243,679.00","0.21%","Common Stock","857477103","$47,337,082.54"
"DG","Dollar General Corp","347,155.00","0.20%","Common Stock","256677105","$46,244,517.55"
"VTR","Ventas Inc","488,410.00","0.19%","Real Estate Investment Trust","92276F100","$44,088,770.70"
"IDXX","IDEXX Laboratories Inc","76,009.00","0.18%","Common Stock","45168D104","$40,693,698.42"
"ETR","Entergy Corp","374,091.00","0.18%","Common Stock","29364G103","$40,128,741.57"
"EBAY","eBay Inc","369,520.00","0.17%","Common Stock","278642103","$38,212,063.20"
"ADM","Archer-Daniels-Midland Co","439,197.00","0.17%","Common Stock","039483102","$37,160,458.17"
"EME","EMCOR Group Inc","46,127.00","0.15%","Common Stock","29084Q100","$34,787,138.32"
"NTRS","Northern Trust Corp","170,496.00","0.14%","Common Stock","665859104","$31,819,668.48"
"CBOE","Cboe Global Markets Inc","104,926.00","0.14%","Common Stock","12503M108","$31,307,819.88"
"TPR","Tapestry Inc","232,025.00","0.13%","Common Stock","876030107","$28,339,533.50"
"JBL","Jabil Inc","91,465.00","0.13%","Common Stock","466313103","$28,406,285.05"
"CHRW","CH Robinson Worldwide Inc","185,009.00","0.12%","Common Stock","12541W209","$27,314,728.76"
"WEC","WEC Energy Group Inc","257,052.00","0.12%","Common Stock","92939U106","$27,232,088.88"
"CNP","CenterPoint Energy Inc","680,384.00","0.12%","Common Stock","15189T107","$26,990,833.28"
"EXPD","Expeditors International of Washington Inc","136,611.00","0.11%","Common Stock","302130109","$25,792,156.80"
"ULTA","Ulta Beauty Inc","45,638.00","0.11%","Common Stock","90384S303","$25,745,308.56"
"ATO","Atmos Energy Corp","147,074.00","0.11%","Common Stock","049560105","$24,643,719.44"
"HSY","Hershey Co/The","137,394.00","0.11%","Common Stock","427866108","$23,789,771.10"
"DLTR","Dollar Tree Inc","181,638.00","0.11%","Common Stock","256746108","$23,870,865.96"
"FE","FirstEnergy Corp","471,193.00","0.10%","Common Stock","337932107","$22,037,696.61"
"HII","Huntington Ingalls Industries Inc","69,908.00","0.09%","Common Stock","446413106","$19,988,794.44"
"NRG","NRG Energy Inc","166,563.00","0.09%","Common Stock","629377508","$19,824,328.26"
"EVRG","Evergy Inc","237,443.00","0.09%","Common Stock","30034W106","$19,361,102.22"
"BG","Bunge Global SA","149,876.00","0.08%","Common Stock","H11356104","$17,791,779.96"
"L","Loews Corp","156,410.00","0.08%","Common Stock","540424108","$17,095,613"
"NI","NiSource Inc","412,649.00","0.08%","Common Stock","65473P105","$17,079,542.11"
"ALB","Albemarle Corp","132,715.00","0.07%","Common Stock","012653101","$16,759,250.20"
"LDOS","Leidos Holdings Inc","122,432.00","0.07%","Common Stock","525327102","$16,289,577.60"
"HAS","Hasbro Inc","149,333.00","0.06%","Common Stock","418056107","$13,817,782.49"
"FOXA","Fox Corp","206,485.00","0.06%","Common Stock","35137L105","$13,508,248.70"
"IVZ","Invesco Ltd","396,639.00","0.06%","Common Stock","G491BT108","$13,116,851.73"
"RL","Ralph Lauren Corp","32,785.00","0.05%","Common Stock","751212101","$11,514,092"
"ROL","Rollins Inc","285,668.00","0.05%","Common Stock","775711104","$10,244,054.48"
"TKO","TKO Group Holdings Inc","52,799.00","0.04%","Common Stock","87256C101","$9,821,141.99"
"FOX","Fox Corp","130,769.00","0.03%","Common Stock","35137L204","$7,639,524.98"
"AGPXX","Invesco Government & Agency Portfolio","6,416,311.17","0.03%","Money Market Fund, Taxable","825252885","$6,416,311.17"
"LUV","Southwest Airlines Co","112,892.00","0.02%","Common Stock","844741108","$4,472,781.04"
"--","SECURITIES LENDING - BNYM","1.00","0.00%","Uninvestible Cash","BNYMLEND","$0.01"
"USD","CASH & EQUIVALENTS","-35,837.21","0.00%","Currency","CASHUSD00","-$35,837.21"
"USDPDV","USD Pending Dividends","0.00","--","Currency","--","$18,777,308.59"

# as of 2026-09-04